{"Kobi Simmons": 0.17852896658823297, "Jordan Bell": 0.49870059115436743, "Tacko Fall": 0.76336810021070245, "P.J. Dozier": 0.074155846805311884, "T.J. Leaf": 0.68857977412016813, "Thomas Bryant": 0.52454270643102152, "Isaiah Hicks": 0.060221424435916465, "Allonzo Trier": 0.2399107865625266, "V.J. Beachem": 0.0095968887750160648, "Miles Bridges": 0.43481117940090003, "Kostja Mushidi": 0.35142127616244723, "Frank Jackson": 0.2118826581649986, "Rawle Alkins": 0.32882761959137752, "Viny Okouo": 0.37311427375167461, "Jonathan Jeanne": 0.34515244079629281, "Vlatko Cancar": 0.41466165083756201, "Tadas Sedekerskis": 0.32016836801361903, "D.J. Wilson": 0.17757952702009705, "Sindarius Thornwell": 0.010413385315050611, "Rolands Smits": 0.033871586030139518, "Rodions Kurucs": 0.50459930247362839, "Cameron Oliver": 0.22659766084892702, "Lonzo Ball": 0.75830725186756054, "Andrew Jones": 0.074633983681280755, "Dwayne Bacon": 0.12470107492945383, "Isaiah Briscoe": 0.28166899547343166, "Nik Slavica": 0.9130134202079494, "Jarrett Allen": 0.60204142036528752, "Wesley Iwundu": 0.10817718098942544, "Shake Milton": 0.24053251844048329, "Joel Berry": 0.045854014335606826, "Dedric Lawson": 0.22257786172255634, "Justin Jackson": 0.45247838493322839, "Aleksandar Vezenkov": 0.012622383552304243, "Devin Robinson": 0.036037002107089759, "Jonah Bolden": 0.27070473306380194, "Markelle Fultz": 0.54785877714592257, "Alpha Kaba": 0.44786285579012447, "Josh Jackson": 0.43535271631154493, "Dennis Smith": 0.49286626073497319, "Anzejs Pasecniks": 0.89438496119933841, "Antonius Cleveland": 0.21369476616605901, "Frank Ntilikina": 0.11028942045945549, "Alec Peters": 0.11496001002465751, "Luke Kornet": 0.0088636290808497154, "Vince Edwards": 0.1717804694191862, "Jayson Tatum": 0.31246049901344541, "Malik Monk": 0.23693708684829984, "Nigel Williams Goss": 0.44778643927286282, "Dillion Brooks": 0.085957067498401166, "Ivan Rabb": 0.48951323541233271, "Arnoldas Kulboka": 0.60181723132798215, "Melo Trimble": 0.070225624374541232, "Marques Bolden": 0.30696363659825543, "Felipe Dos Anjos": 0.85484907851485037, "Drew Eubanks": 0.43978362038256613, "Ethan Happ": 0.75982657364419981, "Jaron Blossomgame": 0.10979423035368216, "John Collins": 0.53999214202265255, "Jacob Evans": 0.12120797101186055, "De Aaron Fox": 0.41516109452606065, "Monte Morris": 0.28247581701601604, "Bam Adebayo": 0.61088287467535718, "Johnathan Motley": 0.27562285125538999, "Laurynas Birutis": 0.99811021614278128, "Sviatoslav Mykhailiuk": 0.035261074867219945, "Kyle Kuzma": 0.23898401572977909, "George De Paula": 0.6816761648845201, "Mikal Bridges": 0.22872038322010202, "Zach Collins": 0.47986354278646765, "Bruce Brown": 0.40996059649991878, "Malcolm Hill": 0.015996512160840415, "Tony Bradley": 0.4218869078736871, "Devonte Graham": 0.097901222854902853, "Isaiah Hartenstein": 0.46674884973483677, "Jawun Evans": 0.29296381645514608, "Tyler Lydon": 0.20223007676719695, "Luke Kennard": 0.11852751359105304, "Terrance Ferguson": 0.28855850399515115, "Semi Ojeleye": 0.40936856411435074, "Donovan Mitchell": 0.095527322162846109, "Borisa Simanic": 0.42184281085862885, "Andrew White": 0.031453109961949284, "Harry Giles": 0.36796613703719772, "Justin Patton": 0.68336870381905357, "Caleb Swanigan": 0.40720314892296744, "Chimezie Metu": 0.32506451938175024, "Santiago Yusta": 0.10824617149110444, "Nigel Hayes": 0.055236739647964522, "Derrick White": 0.50982445044737867, "Omer Yurtseven": 0.32837189901259128, "Ike Anigbogu": 0.3410361175954188, "Lauri Markkanen": 0.35355938162624595, "Grayson Allen": 0.03954029607393373, "Jonathan Isaac": 0.40891051097261744, "L.J. Peak": 0.0653190930501754, "Mathias Lessort": 0.35395935508573961, "Josh Hart": 0.22510322091737009, "Frank Mason": 0.074497254147936801, "OG Anunoby": 0.38840776196535431, "Deng Adel": 0.039828885315050611, "Eric Mika": 0.234990781367213686, "Edmond Sumner": 0.1720918946913241378320, "Jeffrey Carroll": 0.1912958919009085617243}