{"Kobi Simmons": 0.069491110634011727, "Jordan Bell": 0.3990695534957463, "Tacko Fall": 0.61617449296694937, "P.J. Dozier": 0.058852196767174569, "T.J. Leaf": 0.84363767706144088, "Thomas Bryant": 0.50191762227903158, "Isaiah Hicks": 0.081161445726911585, "Allonzo Trier": 0.16163785224474056, "V.J. Beachem": 0.017073977409007162, "Miles Bridges": 0.2714680191140067, "Kostja Mushidi": 0.038379229882564286, "Frank Jackson": 0.15095071537399629, "Shake Milton": 0.26231293757283908, "Viny Okouo": 0.13939548567127932, "Jonathan Jeanne": 0.17804042529452754, "Vlatko Cancar": 0.0011510592691137793, "Tadas Sedekerskis": 0.19821412484207732, "D.J. Wilson": 0.12959574965724763, "Rolands Smits": 0.091106835453359472, "Rodions Kurucs": 0.48204295381253708, "Cameron Oliver": 0.17109478544442583, "OG Anunoby": 0.32086144892213153, "Lonzo Ball": 0.87699697723983172, "Andrew Jones": 0.08584504443827351, "Dwayne Bacon": 0.086070902362480745, "Isaiah Briscoe": 0.19844054722973511, "Nik Slavica": 0.43744850908788835, "Jarrett Allen": 0.65938802888001335, "Wesley Iwundu": 0.11537504580480437, "Rawle Alkins": 0.22097350992940784, "Joel Berry": 0.064499330053612219, "Dedric Lawson": 0.22334223627960864, "Justin Jackson": 0.13077519682108601, "Aleksandar Vezenkov": 0.16258184019869712, "Devin Robinson": 0.047339427516105988, "Jonah Bolden": 0.1628328119281062, "Markelle Fultz": 0.61110895942445498, "Alpha Kaba": 0.2955415202992645, "Josh Jackson": 0.36350567789949539, "Dennis Smith": 0.30456338995059046, "Anzejs Pasecniks": 0.15405053734025527, "Antonius Cleveland": 0.16091274725110943, "Frank Ntilikina": 0.14284102577433425, "Alec Peters": 0.093558547623838889, "Luke Kornet": 0.019729113190219406, "Vince Edwards": 0.11117485359541332, "Jayson Tatum": 0.29107428930873652, "Malik Monk": 0.099601047226207162, "Nigel Williams Goss": 0.67922594235192513, "Dillion Brooks": 0.25850262610548835, "Ivan Rabb": 0.50715601667554289, "Arnoldas Kulboka": 0.1120724547140399, "Melo Trimble": 0.10489765032811403, "Marques Bolden": 0.12383293012308946, "Felipe Dos Anjos": 0.53596652888679419, "Monte Morris": 0.20852023864815655, "Ethan Happ": 0.78067890055914591, "Jaron Blossomgame": 0.093059305586501273, "Nigel Hayes": 0.062189241665165727, "John Collins": 0.59733167806721255, "Jacob Evans": 0.090413100566344926, "De Aaron Fox": 0.6407373276675864, "Drew Eubanks": 0.45409885876960793, "Bam Adebayo": 0.81817634235680459, "Johnathan Motley": 0.19643873358346414, "Laurynas Birutis": 0.17399189857020851, "Sviatoslav Mykhailiuk": 0.033200425841367828, "Kyle Kuzma": 0.13041939067404212, "George De Paula": 0.25868119738811191, "Mikal Bridges": 0.26918076657642237, "Zach Collins": 0.59274478067019631, "Bruce Brown": 0.1969322699781996, "Malcolm Hill": 0.048036049098768872, "Tony Bradley": 0.37686413300028049, "Devonte Graham": 0.095685439040669812, "Isaiah Hartenstein": 0.12954516509144823, "Jawun Evans": 0.42645875402577765, "Tyler Lydon": 0.2126089786186075, "Luke Kennard": 0.11262747935045292, "Terrance Ferguson": 0.064233831429415092, "Semi Ojeleye": 0.3269469280402606, "Donovan Mitchell": 0.083268111903142275, "Andrew White": 0.12138228041215986, "Harry Giles": 0.26428620556891347, "Justin Patton": 0.84056048987624321, "Caleb Swanigan": 0.34989622279355304, "Chimezie Metu": 0.34491791035626601, "Santiago Yusta": 0.16385009298869202, "Borisa Simanic": 0.13396555607410779, "Derrick White": 0.63309332555355358, "Omer Yurtseven": 0.1645476016918728, "Ike Anigbogu": 0.22409740346685361, "Lauri Markkanen": 0.27005561342938672, "Grayson Allen": 0.060801027437295568, "Jonathan Isaac": 0.47040383221033744, "L.J. Peak": 0.093590216832138598, "Mathias Lessort": 0.48402422426310293, "Josh Hart": 0.11824721002188013, "Frank Mason": 0.097159238144539334, "Sindarius Thornwell": 0.042865485985163078, "Jeffrey Carroll": 0.039671824316792843, "Edmond Sumner": 0.058701230781027942308, "Deng Adel": 0.0812893759820238912, "Eric Mika": 0.184091324980231428, "Dillon Brooks": 0.172830200987762391}